<?xml version="1.0" encoding="UTF-8"?>
<!--
  ~ Copyright (C) 2007-2019 Crafter Software Corporation. All Rights Reserved.
  ~
  ~ This program is free software: you can redistribute it and/or modify
  ~ it under the terms of the GNU General Public License as published by
  ~ the Free Software Foundation, either version 3 of the License, or
  ~ (at your option) any later version.
  ~
  ~ This program is distributed in the hope that it will be useful,
  ~ but WITHOUT ANY WARRANTY; without even the implied warranty of
  ~ MERCHANTABILITY or FITNESS FOR A PARTICULAR PURPOSE.  See the
  ~ GNU General Public License for more details.
  ~
  ~ You should have received a copy of the GNU General Public License
  ~ along with this program.  If not, see <http://www.gnu.org/licenses/>.
  -->

<!-- sidebar.xml
	This configuration file controls the SideBar in Crafter Studio. The SideBar is the left bar that shows
	different projections of the content in addition to other tools to assist in content authoring.

	<contextNav>
		<modulehook>
			<name>dashboard</name>
			<params>
				<label>Dashboard</label>
				<path>/site-dashboard</path>
				<icon>  	               (optional icon customization - only one state (no tree link))
					<class>fa-cog</class>  (change default icon - using Font Awesome class)
					<styles> 	           (Change default icon styles - using css rules)
						<color>#409a00</color>
						<font-size>16px</font-size>
					</styles>
				</icon>
				<roles>
					<role>admin</role>
					<role>developer</role>
				</roles>
				<label>Site Config</label>
				<path>/site-config</path>
				<showRootItem>true</showRootItem>
				<onClick>preview</onClick>
			</params>
		</modulehook>
	</contextNav>

    Common module hooks include:
           <modulehook>
              <name>wcm-root-folder</name>           Type: Browsable content tree of descriptors and folders
              <showDivider>true</showDivider>        Display a visual divider after the folder (true/false)
              <params>
                 <label>Pages</label>                Label
                 <path>/site/website</path>          Path to root tree at. You mave multiple path elements
                 <showRootItem>true</showRootItem>   Display the root folder (true/false)
                 <onClick>preview</onClick>          Attempt to preview asset on click
                 <roles>...</roles>                  (optional roles list that has access to the menu item)
              </params>
           </modulehook>

           <modulehook>
              <name>wcm-asset-folder</name>          Type: Browsable content tree of files and folders
              <showDivider>true</showDivider>        Display a visual divider after the foler (true/false)
              <params>
                 <label>Static Assets</label>        Label
                 <path>/static-assets</path>         Path to root tree at. You mave multiple path elements
                 <showRootItem>true</showRootItem>   Display the root folder (true/false)
                 <onClick>preview</onClick>          Attempt to prview asset on click
                 <roles>...</roles>                  (optional roles list that has access to the menu item)
              </params>
           </modulehook>

          <modulehook>
            <name>dashboard</name>                   Type: Display a link to the Sites Dashboard
            <params>
              <label>Dashboard</label>               Label
              <path>/site-dashboard</path>           Relative link to Sites Dashboard
              <roles>...</roles>                     (optional roles list that has access to the menu item)
            </params>
          </modulehook>

          <modulehook>
            <name>site-config</name>                 Type: Display a link to the Site Config Panel
            <params>
              <label>Dashboard</label>               Label
              <path>/site-dashboard</path>           Relative link to Site Config Panel
              <roles>...</roles>                     (optional roles list that has access to the menu item)
            </params>
          </modulehook>
-->
<contextNav>
    <contexts>
        <context>
            <groups>
                <group>
                    <menuItems>
                        <menuItem>
                            <modulehooks>
                                <!-- Dashboard -->
                                <modulehook>
                                    <name>dashboard</name>
                                    <params>
                                        <label>Dashboard</label>
                                        <path>/site-dashboard</path>
                                    </params>
                                </modulehook>

                                <!-- Site IA Pages -->
                                <modulehook>
                                    <name>wcm-root-folder</name>                                    
                                    <params>
                                        <label>Pages</label>
                                        <path>/site/website</path>
                                        <showRootItem>true</showRootItem>
                                        <onClick>preview</onClick>
                                    </params>
                                </modulehook>

                                <!-- Components -->
                                <modulehook>
                                    <name>wcm-root-folder</name>                                    
                                    <params>
                                        <label>Components</label>
                                        <path>/site/components</path>
                                        <showRootItem>true</showRootItem>
                                    </params>
                                </modulehook>

                                <!-- Static Assets -->
                                <modulehook>
                                    <name>wcm-assets-folder</name>                                    
                                    <params>
                                        <label>Static Assets</label>
                                        <path>/static-assets</path>
                                        <showRootItem>true</showRootItem>
                                        <onClick>none</onClick>
                                    </params>
                                </modulehook>

                                <!-- Templates -->
                                <modulehook>
                                    <name>wcm-assets-folder</name>                                    
                                    <params>
                                        <label>Templates</label>
                                        <path>/templates</path>
                                        <showRootItem>true</showRootItem>
                                        <onClick>none</onClick>
                                    </params>
                                </modulehook>

                                <!-- Scripts -->
                                <modulehook>
                                    <name>wcm-assets-folder</name>                                    
                                    <params>
                                        <label>Scripts</label>
                                        <path>/scripts</path>
                                        <showRootItem>true</showRootItem>
                                        <onClick>none</onClick>
                                    </params>
                                </modulehook>

                                <!-- Site Config -->
                                <modulehook>
                                    <name>site-config</name>                                    
                                    <params>
                                        <roles>
                                            <role>admin</role>
                                            <role>developer</role>
                                        </roles>
                                        <label>Site Config</label>
                                        <path>/site-config</path>
                                    </params>
                                </modulehook>
                            </modulehooks>

                        </menuItem>
                    </menuItems>
                </group>
            </groups>
        </context>
    </contexts>
</contextNav>
