<?xml version="1.0" encoding="UTF-8"?>
<!--
  ~ Copyright (C) 2007-2019 Crafter Software Corporation. All Rights Reserved.
  ~
  ~ This program is free software: you can redistribute it and/or modify
  ~ it under the terms of the GNU General Public License as published by
  ~ the Free Software Foundation, either version 3 of the License, or
  ~ (at your option) any later version.
  ~
  ~ This program is distributed in the hope that it will be useful,
  ~ but WITHOUT ANY WARRANTY; without even the implied warranty of
  ~ MERCHANTABILITY or FITNESS FOR A PARTICULAR PURPOSE.  See the
  ~ GNU General Public License for more details.
  ~
  ~ You should have received a copy of the GNU General Public License
  ~ along with this program.  If not, see <http://www.gnu.org/licenses/>.
  -->

<!--
    This file configures the Preview Tools right panel. The structure of this file follows:

    <panel>
        <modules>
            <module>
                <moduleName />
                <title />
                <config>
                    (module specific configuration)
                </config>
            </module>
        </modules>
    </panel>

    For the module: Medium Panel (aka Publishing Channel), the configuration follows:
    <channels>
        <channel>      (target device)
            <title />
            <value />  (this is the browser's UserAgent)
            <width />  (width in pixels)
            <height /> (height in pixels)
        </channel>
    </channels>
-->

<panel>
    <modules>
        <module>
            <moduleName>ice-tools-panel</moduleName>
            <title>inContextEditing</title>
        </module>

        <module>
            <moduleName>component-panel</moduleName>
            <title>pageComponents</title>
        </module>

        <module>
            <moduleName>medium-panel</moduleName>
            <title>publishingChannel</title>
            <config>
                <channels>
                    <channel>
                        <title>desktop</title>
                        <value>browser</value>
                        <width></width>
                        <height></height>
                    </channel>
                    <channel>
                        <title>smartPhone</title>
                        <value>iphone</value>
                        <width>375</width>
                        <height>667</height>
                    </channel>
                    <channel>
                        <title>tablet</title>
                        <value>ipad</value>
                        <width>768</width>
                        <height>1024</height>
                    </channel>
                </channels>
            </config>
        </module>
    </modules>
</panel>
