<!--
  ~ Copyright (C) 2007-2019 Crafter Software Corporation. All Rights Reserved.
  ~
  ~ This program is free software: you can redistribute it and/or modify
  ~ it under the terms of the GNU General Public License as published by
  ~ the Free Software Foundation, either version 3 of the License, or
  ~ (at your option) any later version.
  ~
  ~ This program is distributed in the hope that it will be useful,
  ~ but WITHOUT ANY WARRANTY; without even the implied warranty of
  ~ MERCHANTABILITY or FITNESS FOR A PARTICULAR PURPOSE.  See the
  ~ GNU General Public License for more details.
  ~
  ~ You should have received a copy of the GNU General Public License
  ~ along with this program.  If not, see <http://www.gnu.org/licenses/>.
  -->

<form>
	<title>Section Defaults</title>
	<description>Section Defaults provides inherited values to all children and sibling content items. To learn more about content inheritance see docs.craftercms.org topic &quot;Content Inheritance&quot;</description>
	<objectType>component</objectType>
	<content-type>/component/level-descriptor</content-type>
	<imageThumbnail>undefined</imageThumbnail>
    <quickCreate>false</quickCreate>
    <quickCreatePath></quickCreatePath>
	<properties>		<property>
			<name>display-template</name>
			<label>Display Template</label>
			<value></value>
			<type>template</type>
		</property>
		<property>
			<name>no-template-required</name>
			<label>No Template Required</label>
			<value></value>
			<type>boolean</type>
		</property>
		<property>
			<name>merge-strategy</name>
			<label>Merge Strategy</label>
			<value>inherit-levels</value>
			<type>string</type>
		</property>
	</properties>
	<sections>		<section>
			<title>Section Defaults Properties</title>
			<description></description>
			<defaultOpen>true</defaultOpen>
			<fields>
				<field>
					<type>file-name</type>
					<id>file-name</id>
					<iceId></iceId>
					<title>File Name</title>
					<description></description>
					<defaultValue>crafter-level-descriptor.level</defaultValue>
					<help></help>
					<properties>
						<property>
							<name>size</name>
							<value>100</value>
							<type>int</type>
						</property>
						<property>
							<name>maxlength</name>
							<value>50</value>
							<type>int</type>
						</property>
						<property>
							<name>readonly</name>
							<value>true</value>
							<type>boolean</type>
						</property>
					</properties>
					<constraints>
					</constraints>
				</field>
			</fields>
		</section>
	</sections>
	<datasources>	</datasources>
</form>
