<?xml version="1.0" encoding="UTF-8"?>
<!--
  ~ Copyright (C) 2007-2019 Crafter Software Corporation. All Rights Reserved.
  ~
  ~ This program is free software: you can redistribute it and/or modify
  ~ it under the terms of the GNU General Public License as published by
  ~ the Free Software Foundation, either version 3 of the License, or
  ~ (at your option) any later version.
  ~
  ~ This program is distributed in the hope that it will be useful,
  ~ but WITHOUT ANY WARRANTY; without even the implied warranty of
  ~ MERCHANTABILITY or FITNESS FOR A PARTICULAR PURPOSE.  See the
  ~ GNU General Public License for more details.
  ~
  ~ You should have received a copy of the GNU General Public License
  ~ along with this program.  If not, see <http://www.gnu.org/licenses/>.
  -->

<page>
	<content-type>/page/entry</content-type>	<display-template>/templates/web/entry.ftl</display-template>
	<merge-strategy>inherit-levels</merge-strategy>
	<placeInNav>false</placeInNav>
	<file-name>index.xml</file-name>
	<internal-name>Home</internal-name>
	<orderDefault_f>-1</orderDefault_f>
	<body_html>&lt;h1&gt;Welcome to Your Crafter CMS Site.&lt;/h1&gt;
&lt;p&gt;This site blueprint is the equivalent of a Hello World. It&amp;#39;s a blank slate on which you can build your own digital experience.&lt;/p&gt;
&lt;p&gt;&lt;br /&gt;&lt;/p&gt;
&lt;ul&gt;
&lt;li&gt;To create new content types use the Site Config menu in the left Sidebar&lt;/li&gt;
&lt;li&gt;To Update markup (including this text) edit this template under templates in the left Sidebar&lt;/li&gt;
&lt;li&gt;To modify the text below this list click edit in the top toolbar.&lt;/li&gt;
&lt;li&gt;Crafter documentation can be found&amp;nbsp;&lt;a href="http://docs.craftercms.org" target="_self"&gt;here.&lt;/a&gt;&lt;/li&gt;
&lt;li&gt;Crafter CMS authoring and developer training is available. Please contact&amp;nbsp;&lt;a href="mailto:info@craftersoftware.com"&gt;info@craftersoftware.com&lt;/a&gt;&lt;/li&gt;
&lt;/ul&gt;
&lt;p&gt;&lt;br /&gt;&lt;/p&gt;
&lt;div&gt;
&lt;p&gt;The content above is managed in the template. &amp;nbsp;&lt;/p&gt;
&lt;p&gt;This content is managed by the form. &amp;nbsp;Click edit to change OR in the upper right hand corner, click the pencil to turn on in-context editing.&lt;/p&gt;
&lt;/div&gt;</body_html>
	<objectGroupId>8d7f</objectGroupId>
	<objectId>8d7f21fa-5e09-00aa-8340-853b7db302da</objectId>
	<folder-name/>
	<createdDate>2017-1-31T16:18:14.000Z</createdDate>
	<createdDate_dt>2017-1-31T16:18:14.000Z</createdDate_dt>
	<lastModifiedDate>2017-1-31T19:12:56.000Z</lastModifiedDate>
	<lastModifiedDate_dt>2017-1-31T19:12:56.000Z</lastModifiedDate_dt>
	<title_t>Hello!</title_t>
	<disabled>false</disabled>
</page>
