<?xml version="1.0" encoding="UTF-8"?>
<!--
  ~ Copyright (C) 2007-2019 Crafter Software Corporation. All Rights Reserved.
  ~
  ~ This program is free software: you can redistribute it and/or modify
  ~ it under the terms of the GNU General Public License as published by
  ~ the Free Software Foundation, either version 3 of the License, or
  ~ (at your option) any later version.
  ~
  ~ This program is distributed in the hope that it will be useful,
  ~ but WITHOUT ANY WARRANTY; without even the implied warranty of
  ~ MERCHANTABILITY or FITNESS FOR A PARTICULAR PURPOSE.  See the
  ~ GNU General Public License for more details.
  ~
  ~ You should have received a copy of the GNU General Public License
  ~ along with this program.  If not, see <http://www.gnu.org/licenses/>.
  -->

<!--
    This file configures the list of configurations available in the SiteConfig section for this site/blueprint.

    For every configuration you'd like to make editable, you need:
        <file>
            <module />
            <path />
            <title />
            <description />
            <samplePath />
        </file>

    The elements are:
    - module: Crafter CMS module
    - path: the path to the file. This path is rooted in /config/<module> off the base of the site/blueprint
    - title: the title of this file. This should be a key into the string-table in Studio's localization string table
        "base.js", if no entry is found, Studio will use the string you have here as is
    - description: the description of this file.  This should be a key into the string-table in Studio's localization
        string table "base.js", if no entry is found, Studio will use the string you have here as is
    - samplePath: the path to a sample file to help the user update the file
-->
<config>
    <version>7</version>
    <files>
        <file>
            <module>studio</module>
            <path>site-config.xml</path>
            <title>confTabSiteConfiguration</title>
            <description>confTabSiteConfigurationDesc</description>
            <samplePath>sample-site-config.xml</samplePath>
        </file>
        <file>
            <module>studio</module>
            <path>context-nav/sidebar.xml</path>
            <title>confTabSidebarConf</title>
            <description>confTabSidebarConfDesc</description>
            <samplePath>sample-sidebar.xml</samplePath>
        </file>
        <file>
            <module>studio</module>
            <path>form-control-config/rte/rte-setup.xml</path>
            <title>confTabRTEConf</title>
            <description>confTabRTEConfDesc</description>
            <samplePath>sample-form-control-rte-setup.xml</samplePath>
        </file>
        <file>
            <module>studio</module>
            <path>form-control-config/rte/rte-setup-tinymce5.xml</path>
            <title>confTabRTEtMCE5Conf</title>
            <description>confTabRTEtMCE5ConfDesc</description>
            <samplePath>sample-form-control-rte-setup-tinymce5.xml</samplePath>
        </file>
        <file>
            <module>studio</module>
            <path>code-editor-config.xml</path>
            <title>confTabCodeEditorConf</title>
            <description>confTabCodeEditorConfDesc</description>
            <samplePath>sample-code-editor-config.xml</samplePath>
        </file>
        <file>
            <module>studio</module>
            <path>preview-tools/components-config.xml</path>
            <title>confTabPreviewComponentsConf</title>
            <description>confTabPreviewComponentsConfDesc</description>
            <samplePath>sample-preview-components-config.xml</samplePath>
        </file>
        <file>
            <module>studio</module>
            <path>targeting/targeting-config.xml</path>
            <title>confTabTargetingConfiguration</title>
            <description>confTabTargetingConfigurationDesc</description>
            <samplePath>sample-targeting-config.xml</samplePath>
        </file>
        <file>
            <module>studio</module>
            <path>preview-tools/panel.xml</path>
            <title>confTabPreviewPanelConf</title>
            <description>confTabconfTabPreviewPanelConfDesc</description>
            <samplePath>sample-preview-panel.xml</samplePath>
        </file>
        <file>
            <module>studio</module>
            <path>workflow/notification-config.xml</path>
            <title>confTabNotificationConf</title>
            <description>confTabNotificationConfDesc</description>
            <samplePath>sample-notification-config.xml</samplePath>
        </file>
        <file>
            <module>studio</module>
            <path>permission-mappings-config.xml</path>
            <title>confTabPermissionsMappings</title>
            <description>confTabPermissionsMappingsDesc</description>
            <samplePath>sample-permission-mappings-config.xml</samplePath>
        </file>
        <file>
            <module>studio</module>
            <path>role-mappings-config.xml</path>
            <title>confTabRoleMappings</title>
            <description>confTabRoleMappingsDesc</description>
            <samplePath>sample-role-mappings-config.xml</samplePath>
        </file>
        <file>
            <module>studio</module>
            <path>environment/environment-config.xml</path>
            <title>confTabEnvironmentConfiguration</title>
            <description>confTabEnvironmentConfigurationDesc</description>
            <samplePath>sample-environment-config.xml</samplePath>
        </file>
        <file>
            <module>studio</module>
            <path>data-sources/cmis-config.xml</path>
            <title>confTabCMISConfiguration</title>
            <description>confTabCMISConfigurationDesc</description>
            <samplePath>sample-cmis-config.xml</samplePath>
        </file>
        <file>
            <module>studio</module>
            <path>context-nav/contextual-nav.xml</path>
            <title>confTabContextualNavigationConf</title>
            <description>confTabContextualNavigationConfDesc</description>
            <samplePath>sample-contextual-nav.xml</samplePath>
        </file>
        <file>
            <module>studio</module>
            <path>administration/site-config-tools.xml</path>
            <title>confTabSiteConf</title>
            <description>confTabSiteConfDesc</description>
            <samplePath>sample-site-config-tools.xml</samplePath>
        </file>
        <file>
            <module>studio</module>
            <path>administration/config-list.xml</path>
            <title>confTabConfigurations</title>
            <description>confTabConfDesc</description>
            <samplePath>sample-config-list.xml</samplePath>
        </file>
        <file>
            <module>studio</module>
            <path>mime-type.xml</path>
            <title>Mime Types</title>
            <description>mime Types</description>
            <samplePath>sample-mime-type.xml</samplePath>
        </file>
        <file>
            <module>engine</module>
            <path>site-config.xml</path>
            <title>confTabEngineSiteConfiguration</title>
            <description>confTabEngineSiteConfigurationDesc</description>
            <samplePath>sample-engine-site-config.xml</samplePath>
        </file>
        <file>
            <module>engine</module>
            <path>application-context.xml</path>
            <title>confTabEngineSiteAppContextConfiguration</title>
            <description>confTabEngineSiteAppContextConfigurationDesc</description>
            <samplePath>sample-engine-application-context.xml</samplePath>
        </file>
        <file>
            <module>engine</module>
            <path>urlrewrite.xml</path>
            <title>Engine URL Rewrite Configuration (XML Style)</title>
            <description>Engine URL Rewrite Configuration (XML Style)</description>
            <samplePath>sample-urlrewrite.xml</samplePath>
        </file>
        <file>
            <module>studio</module>
            <path>dependency/resolver-config.xml</path>
            <title>Dependency Resolver Configuration</title>
            <description>Dependency Resolver Configuration</description>
            <samplePath>sample-resolver-config.xml</samplePath>
        </file>
        <file>
            <module>studio</module>
            <path>aws/aws.xml</path>
            <title>AWS Profiles</title>
            <description>AWS Profiles</description>
            <samplePath>sample-aws.xml</samplePath>
        </file>
        <file>
            <module>studio</module>
            <path>box/box.xml</path>
            <title>Box Profiles</title>
            <description>Box Profiles</description>
            <samplePath>sample-box.xml</samplePath>
        </file>
        <file>
            <module>studio</module>
            <path>webdav/webdav.xml</path>
            <title>WebDAV Profiles</title>
            <description>WebDAV Profiles</description>
            <samplePath>sample-webdav.xml</samplePath>
        </file>
        <file>
            <module>studio</module>
            <path>asset-processing/asset-processing-config.xml</path>
            <title>Asset Processing</title>
            <description>Asset Processing</description>
            <samplePath>sample-asset-processing-config.xml</samplePath>
        </file>
    </files>
</config>
