<?xml version="1.0" encoding="UTF-8"?>
<!--
  ~ Copyright (C) 2007-2019 Crafter Software Corporation. All Rights Reserved.
  ~
  ~ This program is free software: you can redistribute it and/or modify
  ~ it under the terms of the GNU General Public License as published by
  ~ the Free Software Foundation, either version 3 of the License, or
  ~ (at your option) any later version.
  ~
  ~ This program is distributed in the hope that it will be useful,
  ~ but WITHOUT ANY WARRANTY; without even the implied warranty of
  ~ MERCHANTABILITY or FITNESS FOR A PARTICULAR PURPOSE.  See the
  ~ GNU General Public License for more details.
  ~
  ~ You should have received a copy of the GNU General Public License
  ~ along with this program.  If not, see <http://www.gnu.org/licenses/>.
  -->

<!-- resolver-config.xml

    This file configures what file paths Crafter considers a dependency and how they should be extracted 

-->

<dependency-resolver>
    <item-types>
        <item-type>
            <!-- name of type -->
            <name>page</name>
            <!-- how to identify items of this type -->
            <includes>
                <!-- path pattern regexes (multiple) -->
                <path-pattern>/site/website/.*\.xml</path-pattern>
            </includes>
            <!-- how to find dependencies in these items -->
            <dependency-types>
                <dependency-type>
                    <name>page</name>
                    <includes>
                        <pattern>
                            <find-regex>/site/website/([^&lt;]+)\.xml</find-regex>
                        </pattern>
                    </includes>
                </dependency-type>
                <dependency-type>
                    <name>component</name>
                    <includes>
                        <pattern>
                            <find-regex>/site/components/([^&lt;]+)\.xml</find-regex>
                        </pattern>
                    </includes>
                </dependency-type>
				<dependency-type>
                    <name>item</name>
                    <includes>
                        <pattern>
                            <find-regex>/site/(?!website/|components/)([^&lt;]+)\.xml</find-regex>
                        </pattern>
                    </includes>
                </dependency-type>
                <dependency-type>
                    <name>asset</name>
                    <includes>
                        <!-- path patterns to look for (multiple) -->
                        <pattern>
                            <find-regex>/static-assets/([^&lt;"'\)\?\#]+)</find-regex>
                        </pattern>
                    </includes>
                </dependency-type>
                <dependency-type>
                    <name>rendering-template</name>
                    <includes>
                        <pattern>
                            <find-regex>/templates/([^&lt;"]+)\.ftl</find-regex>
                        </pattern>
                    </includes>
                </dependency-type>
                <dependency-type>
                    <name>script</name>
                    <includes>
                        <pattern>
                            <find-regex>/scripts/([^&lt;"]+)\.groovy</find-regex>
                        </pattern>
                        <pattern>
                            <find-regex>&lt;content-type&gt;/(.*)/(.*)&lt;/content-type&gt;</find-regex>
                            <transforms>
                                <transform>
                                    <match>&lt;content-type&gt;/(.*)/(.*)&lt;/content-type&gt;</match>
                                    <replace>/scripts/$1s/$2.groovy</replace>
                                </transform>
                            </transforms>
                        </pattern>
                    </includes>
                </dependency-type>
            </dependency-types>
        </item-type>
        <item-type>
            <!-- name of type -->
            <name>component</name>
            <!-- how to identify items of this type -->
            <includes>
                <!-- path pattern regexes (multiple) -->
                <path-pattern>/site/components/([^&lt;]+)\.xml</path-pattern>
            </includes>
            <!-- how to find dependencies in these items -->
            <dependency-types>
                <dependency-type>
                    <name>page</name>
                    <includes>
                        <pattern>
                            <find-regex>/site/website/([^&lt;]+)\.xml</find-regex>
                        </pattern>
                    </includes>
                </dependency-type>
                <dependency-type>
                    <name>component</name>
                    <includes>
                        <pattern>
                            <find-regex>/site/components/([^&lt;]+)\.xml</find-regex>
                        </pattern>
                    </includes>
                </dependency-type>
				<dependency-type>
                    <name>item</name>
                    <includes>
                        <pattern>
                            <find-regex>/site/(?!website/|components/)([^&lt;]+)\.xml</find-regex>
                        </pattern>
                    </includes>
                </dependency-type>
                <dependency-type>
                    <name>asset</name>
                    <includes>
                        <pattern>
                            <find-regex>/static-assets/([^&lt;"'\)\?\#]+)</find-regex>
                        </pattern>
                    </includes>
                </dependency-type>
                <dependency-type>
                    <name>rendering-template</name>
                    <includes>
                        <pattern>
                            <find-regex>/templates/([^&lt;"]+)\.ftl</find-regex>
                        </pattern>
                    </includes>
                </dependency-type>
                <dependency-type>
                    <name>script</name>
                    <includes>
                        <pattern>
                            <find-regex>/scripts/([^&lt;"]+)\.groovy</find-regex>
                        </pattern>
                        <pattern>
                            <find-regex>&lt;content-type&gt;/(.*)/(.*)&lt;/content-type&gt;</find-regex>
                            <transforms>
                                <transform>
                                    <match>&lt;content-type&gt;/(.*)/(.*)&lt;/content-type&gt;</match>
                                    <replace>/scripts/$1s/$2.groovy</replace>
                                </transform>
                            </transforms>
                        </pattern>
                    </includes>
                </dependency-type>
            </dependency-types>
        </item-type>
		<item-type>
            <!-- an item is content that is not a page nor a component -->
            <name>item</name>
            <!-- how to identify items of this type -->
            <includes>
                <!-- path pattern regexes (multiple) -->
                <path-pattern>/site/(?!website/|components/).*\.xml</path-pattern>
            </includes>
            <!-- how to find dependencies in these items -->
            <dependency-types>
                <dependency-type>
                    <name>page</name>
                    <includes>
                        <pattern>
                            <find-regex>/site/website/([^&lt;]+)\.xml</find-regex>
                        </pattern>
                    </includes>
                </dependency-type>
				<dependency-type>
                    <name>item</name>
                    <includes>
                        <pattern>
                            <find-regex>/site/(?!website/|components/)([^&lt;]+)\.xml</find-regex>
                        </pattern>
                    </includes>
                </dependency-type>
                <dependency-type>
                    <name>component</name>
                    <includes>
                        <pattern>
                            <find-regex>/site/components/([^&lt;]+)\.xml</find-regex>
                        </pattern>
                    </includes>
                </dependency-type>
				<dependency-type>
                    <name>item</name>
                    <includes>
                        <pattern>
                            <find-regex>/site/(?!website/|components/)([^&lt;]+)\.xml</find-regex>
                        </pattern>
                    </includes>
                </dependency-type>
                <dependency-type>
                    <name>asset</name>
                    <includes>
                        <pattern>
                            <find-regex>/static-assets/([^&lt;"'\)\?\#]+)</find-regex>
                        </pattern>
                    </includes>
                </dependency-type>
                <dependency-type>
                    <name>rendering-template</name>
                    <includes>
                        <pattern>
                            <find-regex>/templates/([^&lt;"]+)\.ftl</find-regex>
                        </pattern>
                    </includes>
                </dependency-type>
                <dependency-type>
                    <name>script</name>
                    <includes>
                        <pattern>
                            <find-regex>/scripts/([^&lt;"]+)\.groovy</find-regex>
                        </pattern>
                        <pattern>
                            <find-regex>&lt;content-type&gt;/(.*)/(.*)&lt;/content-type&gt;</find-regex>
                            <transforms>
                                <transform>
                                    <match>&lt;content-type&gt;/(.*)/(.*)&lt;/content-type&gt;</match>
                                    <replace>/scripts/$1s/$2.groovy</replace>
                                </transform>
                            </transforms>
                        </pattern>
                    </includes>
                </dependency-type>
            </dependency-types>
        </item-type>
        <item-type>
            <!-- name of type -->
            <name>asset</name>
            <!-- how to identify items of this type -->
            <includes>
                <!-- path pattern regexes (multiple) -->
		<!-- include only textual files that can be scanned -->
		<path-pattern>/static-assets/([^&lt;"'\)]+)\.css</path-pattern>
		<path-pattern>/static-assets/([^&lt;"'\)]+)\.js</path-pattern>
		<path-pattern>/static-assets/([^&lt;"'\)]+)\.html</path-pattern>
		<path-pattern>/static-assets/([^&lt;"'\)]+)\.xml</path-pattern>
		<path-pattern>/static-assets/([^&lt;"'\)]+)\.json</path-pattern>
		<path-pattern>/static-assets/([^&lt;"'\)]+)\.scss</path-pattern>
		<path-pattern>/static-assets/([^&lt;"'\)]+)\.sass</path-pattern>
		<path-pattern>/static-assets/([^&lt;"'\)]+)\.hbs</path-pattern>
            </includes>
            <!-- how to find dependencies in these items -->
            <dependency-types>
                <dependency-type>
                    <name>asset</name>
                    <includes>
                        <!-- path patterns to look for (multiple) -->
                        <pattern>
                            <find-regex>/static-assets/([^&lt;"'\)\?\#]+)</find-regex>
                        </pattern>
                    </includes>
                </dependency-type>
            </dependency-types>
        </item-type>
        <item-type>
            <!-- name of type -->
            <name>rendering-template</name>
            <!-- how to identify items of this type -->
            <includes>
                <!-- path pattern regexes (multiple) -->
                <path-pattern>/templates/([^&lt;"]+)\.ftl</path-pattern>
            </includes>
            <!-- how to find dependencies in these items -->
            <dependency-types>
                <dependency-type>
                    <name>asset</name>
                    <includes>
                        <!-- path patterns to look for (multiple) -->
                        <pattern>
                            <find-regex>/static-assets/([^&lt;"'\)\?\#]+)</find-regex>
                        </pattern>
                    </includes>
                </dependency-type>
                <dependency-type>
                    <name>rendering-template</name>
                    <includes>
                        <pattern>
                        	<find-regex>/templates/([^&lt;"]+)\.ftl</find-regex>
						</pattern>
                    </includes>
                </dependency-type>
            </dependency-types>
        </item-type>
        <item-type>
            <!-- name of type -->
            <name>script</name>
            <!-- how to identify items of this type -->
            <includes>
                <!-- path pattern regexes (multiple) -->
                <path-pattern>/scripts/([^&lt;"]+)\.groovy</path-pattern>
            </includes>
            <!-- how to find dependencies in these items -->
            <dependency-types>
                <dependency-type>
                    <name>script</name>
                    <includes>
                        <!-- path patterns to look for (multiple) -->
                        <pattern>
                            <find-regex>import scripts.(.*)</find-regex>
                            <transforms>
                                <transform>
                                    <match>(.*)</match>
                                    <replace>$1</replace>
                                </transform>
                            </transforms>
                        </pattern>
                    </includes>
                </dependency-type>
            </dependency-types>
        </item-type>
    </item-types>
</dependency-resolver>
