<?xml version="1.0" encoding="UTF-8"?>
<!--
  ~ Copyright (C) 2007-2019 Crafter Software Corporation. All Rights Reserved.
  ~
  ~ This program is free software: you can redistribute it and/or modify
  ~ it under the terms of the GNU General Public License as published by
  ~ the Free Software Foundation, either version 3 of the License, or
  ~ (at your option) any later version.
  ~
  ~ This program is distributed in the hope that it will be useful,
  ~ but WITHOUT ANY WARRANTY; without even the implied warranty of
  ~ MERCHANTABILITY or FITNESS FOR A PARTICULAR PURPOSE.  See the
  ~ GNU General Public License for more details.
  ~
  ~ You should have received a copy of the GNU General Public License
  ~ along with this program.  If not, see <http://www.gnu.org/licenses/>.
  -->

<code-editor-config>
  <version>2</version>
  <!--
  <theme>light</theme>
  <enable-basic-autocompletion>true</enable-basic-autocompletion>
  <enable-live-autocompletion>true</enable-live-autocompletion>
  <font-size>11pt</font-size>
  <tab-size>4</tab-size>
  -->
  <snippets>
    <!--
    <snippet>
      <key>freemarker-example</key>
      <label>Freemarker Example</label>
      <type>freemarker</type>
      <content>
        <![CDATA[
        <#assign imageSrc = contentModel.image!"" />
        ]]>
      </content>
    </snippet> 
    -->
  </snippets>
</code-editor-config>