<?xml version="1.0" encoding="UTF-8"?>
<!--
  ~ Copyright (C) 2007-2019 Crafter Software Corporation. All Rights Reserved.
  ~
  ~ This program is free software: you can redistribute it and/or modify
  ~ it under the terms of the GNU General Public License as published by
  ~ the Free Software Foundation, either version 3 of the License, or
  ~ (at your option) any later version.
  ~
  ~ This program is distributed in the hope that it will be useful,
  ~ but WITHOUT ANY WARRANTY; without even the implied warranty of
  ~ MERCHANTABILITY or FITNESS FOR A PARTICULAR PURPOSE.  See the
  ~ GNU General Public License for more details.
  ~
  ~ You should have received a copy of the GNU General Public License
  ~ along with this program.  If not, see <http://www.gnu.org/licenses/>.
  -->

<!-- mime-type.xml
    This file configures the mime types icons overrides for this site/blueprint.

    For every configuration you'd like to make editable, you need:
        <mime-type>
            <type />
            <icon>
                <class />
                <styles>
                    ...
                </styles>
            </icon>
        </mime-type>

    The elements are:
    - type: The mime type for assets, or content type for components. This is the target type that will be affected by the new icon/styles defined on the configuration
    - class: The Font Awesome class for the icon that will be showed for the mime type.
    - styles: CSS styles for the icon selected, you can customize the icon with css like styles (e.g <color>#ffffff</color>)
-->

<mime-types>
    
</mime-types>