<?xml version="1.0" encoding="UTF-8"?>
<!--
  ~ Copyright (C) 2007-2019 Crafter Software Corporation. All Rights Reserved.
  ~
  ~ This program is free software: you can redistribute it and/or modify
  ~ it under the terms of the GNU General Public License as published by
  ~ the Free Software Foundation, either version 3 of the License, or
  ~ (at your option) any later version.
  ~
  ~ This program is distributed in the hope that it will be useful,
  ~ but WITHOUT ANY WARRANTY; without even the implied warranty of
  ~ MERCHANTABILITY or FITNESS FOR A PARTICULAR PURPOSE.  See the
  ~ GNU General Public License for more details.
  ~
  ~ You should have received a copy of the GNU General Public License
  ~ along with this program.  If not, see <http://www.gnu.org/licenses/>.
  -->

<!-- permission-mappings-config.xml

  This files contains the permissions mappings for the roles defined in
  role-mappings-config.xml.

  Permissions are defined per:
  site > role > rule

  Rules have a regex expression that govern the scope of the permissions assigned.

  Permissions are:
  - Read
  - Write
  - Create Content
  - Create Folder
  - Create Content Type
  - Publish

  Absence of permissions means the permission is denied.

  For example, to grant the role component_author the ability to read/write
  components and read-only to everything else:

      <role name="author">
          <rule regex="/site/website/.*">
            <allowed-permissions>
              <permission>Read</permission>
            </allowed-permissions>
          </rule>
          <rule regex="/site/components/.*">
            <allowed-permissions>
              <permission>Read</permission>
              <permission>Write</permission>
              <permission>Create Content</permission>
              <permission>Create Folder</permission>
            </allowed-permissions>
          </rule>
          <rule regex="/static-assets/.*">
            <allowed-permissions>
              <permission>Read</permission>
            </allowed-permissions>
          </rule>
      </role>

  A regex of "~DASHBOARD~" governs view access to the publishing workflow
  related dashboard widgets:
  - Items Waiting For Approval
  - Approved Scheduled Items
  - Recently Published

  To grant a role the ability to view these dashboard widgets, simple grant
  the role the permission Publish to the scope ~DASHBOARD~. For example:

      <rule regex="~DASHBOARD~">
        <allowed-permissions>
          <permission>Publish</permission>
        </allowed-permissions>
      </rule>

-->
<permissions>
    <version>11</version>
    <role name="author">
        <rule regex="/site/website/.*">
            <allowed-permissions>
                <permission>Read</permission>
                <permission>Write</permission>
                <permission>Create Content</permission>
                <permission>Create Folder</permission>
                <permission>list_cmis</permission>
                <permission>search_cmis</permission>
                <permission>clone_content_cmis</permission>
                <permission>upload_content_cmis</permission>
            </allowed-permissions>
        </rule>
        <rule regex="/site/components|/site/components/.*">
            <allowed-permissions>
                <permission>Read</permission>
                <permission>Write</permission>
                <permission>Create Content</permission>
                <permission>Create Folder</permission>
                <permission>list_cmis</permission>
                <permission>search_cmis</permission>
                <permission>clone_content_cmis</permission>
                <permission>upload_content_cmis</permission>
            </allowed-permissions>
        </rule>
        <rule regex="/static-assets|/static-assets/.*">
            <allowed-permissions>
                <permission>Read</permission>
                <permission>Write</permission>
                <permission>Create Content</permission>
                <permission>Create Folder</permission>
                <permission>list_cmis</permission>
                <permission>search_cmis</permission>
                <permission>clone_content_cmis</permission>
                <permission>upload_content_cmis</permission>
            </allowed-permissions>
        </rule>
        <rule regex=".*">
            <allowed-permissions>
                <permission>S3 Read</permission>
                <permission>S3 Write</permission>
                <permission>webdav_read</permission>
                <permission>webdav_write</permission>
            </allowed-permissions>
        </rule>
    </role>
    <role name="publisher">
        <rule regex="/site/.*">
            <allowed-permissions>
                <permission>Read</permission>
                <permission>Write</permission>
                <permission>Create Content</permission>
                <permission>Create Folder</permission>
                <permission>Publish</permission>
                <permission>get_publishing_queue</permission>
                <permission>cancel_publish</permission>
                <permission>list_cmis</permission>
                <permission>search_cmis</permission>
                <permission>clone_content_cmis</permission>
                <permission>upload_content_cmis</permission>
            </allowed-permissions>
        </rule>
        <rule regex="^/site/(?!website/index\.xml)(.*)">
            <allowed-permissions>
                <permission>Delete</permission>
                <permission>delete_content</permission>
            </allowed-permissions>
        </rule>
        <rule regex="/(static-assets|templates|scripts)/.*">
            <allowed-permissions>
                <permission>Read</permission>
                <permission>Write</permission>
                <permission>Delete</permission>
                <permission>Create Content</permission>
                <permission>Create Folder</permission>
                <permission>Publish</permission>
                <permission>get_publishing_queue</permission>
                <permission>cancel_publish</permission>
                <permission>list_cmis</permission>
                <permission>search_cmis</permission>
                <permission>clone_content_cmis</permission>
                <permission>upload_content_cmis</permission>
                <permission>delete_content</permission>
            </allowed-permissions>
        </rule>
        <rule regex="~DASHBOARD~">
            <allowed-permissions>
                <permission>Publish</permission>
                <permission>get_publishing_queue</permission>
                <permission>cancel_publish</permission>
            </allowed-permissions>
        </rule>
        <rule regex=".*">
            <allowed-permissions>
                <permission>S3 Read</permission>
                <permission>S3 Write</permission>
                <permission>webdav_read</permission>
                <permission>webdav_write</permission>
            </allowed-permissions>
        </rule>
    </role>
    <role name="developer">
        <rule regex="/.*">
            <allowed-permissions>
                <permission>Read</permission>
                <permission>Write</permission>
                <permission>Publish</permission>
                <permission>Create Folder</permission>
                <permission>Create Content</permission>
                <permission>Change Content Type</permission>
                <permission>list_cmis</permission>
                <permission>search_cmis</permission>
                <permission>clone_content_cmis</permission>
                <permission>upload_content_cmis</permission>
                <permission>write_configuration</permission>
                <permission>add_remote</permission>
                <permission>list_remotes</permission>
                <permission>pull_from_remote</permission>
                <permission>push_to_remote</permission>
                <permission>rebuild_database</permission>
                <permission>remove_remote</permission>
                <permission>site_status</permission>
                <permission>resolve_conflict</permission>
                <permission>site_diff_conflicted_file</permission>
                <permission>commit_resolution</permission>
                <permission>cancel_failed_pull</permission>
            </allowed-permissions>
        </rule>
        <rule regex="^/(?!site/website/index\.xml)(.*)">
            <allowed-permissions>
                <permission>Delete</permission>
                <permission>delete_content</permission>
            </allowed-permissions>
        </rule>
        <rule regex="~DASHBOARD~">
            <allowed-permissions>
                <permission>Publish</permission>
                <permission>get_publishing_queue</permission>
                <permission>cancel_publish</permission>
                <permission>write_configuration</permission>
                <permission>add_remote</permission>
                <permission>list_remotes</permission>
                <permission>pull_from_remote</permission>
                <permission>push_to_remote</permission>
                <permission>rebuild_database</permission>
                <permission>remove_remote</permission>
                <permission>site_status</permission>
                <permission>resolve_conflict</permission>
                <permission>site_diff_conflicted_file</permission>
                <permission>commit_resolution</permission>
                <permission>cancel_failed_pull</permission>
            </allowed-permissions>
        </rule>
        <rule regex=".*">
            <allowed-permissions>
                <permission>S3 Read</permission>
                <permission>S3 Write</permission>
                <permission>webdav_read</permission>
                <permission>webdav_write</permission>
            </allowed-permissions>
        </rule>
    </role>
    <role name="admin">
        <rule regex="/.*">
            <allowed-permissions>
                <permission>Read</permission>
                <permission>Write</permission>
                <permission>Publish</permission>
                <permission>get_publishing_queue</permission>
                <permission>cancel_publish</permission>
                <permission>Create Folder</permission>
                <permission>Create Content</permission>
                <permission>Change Content Type</permission>
                <permission>list_cmis</permission>
                <permission>search_cmis</permission>
                <permission>clone_content_cmis</permission>
                <permission>upload_content_cmis</permission>
                <permission>add_remote</permission>
                <permission>list_remotes</permission>
                <permission>pull_from_remote</permission>
                <permission>push_to_remote</permission>
                <permission>rebuild_database</permission>
                <permission>remove_remote</permission>
                <permission>write_configuration</permission>
                <permission>site_status</permission>
                <permission>resolve_conflict</permission>
                <permission>site_diff_conflicted_file</permission>
                <permission>commit_resolution</permission>
                <permission>cancel_failed_pull</permission>
            </allowed-permissions>
        </rule>
        <rule regex="^/(?!site/website/index\.xml)(.*)">
            <allowed-permissions>
                <permission>Delete</permission>
                <permission>delete_content</permission>
            </allowed-permissions>
        </rule>
        <rule regex="~DASHBOARD~">
            <allowed-permissions>
                <permission>Publish</permission>
                <permission>get_publishing_queue</permission>
                <permission>cancel_publish</permission>
                <permission>add_remote</permission>
                <permission>list_remotes</permission>
                <permission>pull_from_remote</permission>
                <permission>push_to_remote</permission>
                <permission>rebuild_database</permission>
                <permission>remove_remote</permission>
                <permission>write_configuration</permission>
                <permission>site_status</permission>
                <permission>resolve_conflict</permission>
                <permission>site_diff_conflicted_file</permission>
                <permission>commit_resolution</permission>
                <permission>cancel_failed_pull</permission>
            </allowed-permissions>
        </rule>
        <rule regex=".*">
            <allowed-permissions>
                <permission>S3 Read</permission>
                <permission>S3 Write</permission>
                <permission>webdav_read</permission>
                <permission>webdav_write</permission>
            </allowed-permissions>
        </rule>
    </role>
    <role name="reviewer">
        <rule regex="/.*">
            <allowed-permissions>
                <permission>Read</permission>
                <permission>Publish</permission>
                <permission>get_publishing_queue</permission>
                <permission>cancel_publish</permission>
            </allowed-permissions>
        </rule>
        <rule regex="~DASHBOARD~">
            <allowed-permissions>
                <permission>Publish</permission>
                <permission>get_publishing_queue</permission>
                <permission>cancel_publish</permission>
            </allowed-permissions>
        </rule>
        <rule regex=".*">
            <allowed-permissions>
                <permission>S3 Read</permission>
                <permission>webdav_read</permission>
            </allowed-permissions>
        </rule>
    </role>
    <role name="*">
        <rule regex="/.*">
            <allowed-permissions>
                <permission>Read</permission>
            </allowed-permissions>
        </rule>
        <rule regex=".*">
            <allowed-permissions>
                <permission>S3 Read</permission>
                <permission>webdav_read</permission>
            </allowed-permissions>
        </rule>
    </role>
</permissions>