<?xml version="1.0" encoding="UTF-8"?>
<!--
  ~ Copyright (C) 2007-2019 Crafter Software Corporation. All Rights Reserved.
  ~
  ~ This program is free software: you can redistribute it and/or modify
  ~ it under the terms of the GNU General Public License as published by
  ~ the Free Software Foundation, either version 3 of the License, or
  ~ (at your option) any later version.
  ~
  ~ This program is distributed in the hope that it will be useful,
  ~ but WITHOUT ANY WARRANTY; without even the implied warranty of
  ~ MERCHANTABILITY or FITNESS FOR A PARTICULAR PURPOSE.  See the
  ~ GNU General Public License for more details.
  ~
  ~ You should have received a copy of the GNU General Public License
  ~ along with this program.  If not, see <http://www.gnu.org/licenses/>.
  -->

<!-- site-config.xml

    This contains the primary site configuration.

-->
<site-config>
   <version>6</version>
   <wem-project>sito-test</wem-project>
   <display-name>sito-test</display-name>
   <default-timezone>EST5EDT</default-timezone>
   <published-repository>
      <enable-staging-environment>false</enable-staging-environment>
      <staging-environment>staging</staging-environment>
      <live-environment>live</live-environment>
   </published-repository>
   <publishing>
      <comments>
<!-- Global setting would apply to all -->
         <required>false</required>
         <!-- Additional (also optional) specific overrides -->

         <!-- <delete-required/> -->

         <!-- <bulk-publish-required/> -->

         <!-- <publish-by-commit-required/> -->
      </comments>
   </publishing>
   <form-engine>
      <field-name-postfix>true</field-name-postfix>
      <ignore-postfix-fields>
         <field>internal-name</field>
         <field>file-name</field>
         <field>placeInNav</field>
         <field>scripts</field>
         <field>mime-type</field>
         <field>force-https</field>
         <field>navLabel</field>
         <field>expired</field>
         <field>key</field>
         <field>value</field>
         <field>items</field>
         <field>redirect-url</field>
         <field>authorizedRoles</field>
         <field>role</field>
         <field>disabled</field>
      </ignore-postfix-fields>
   </form-engine>
   <!--
        Pattern that Studio will use to load plugin from the site repository
        Required placeholders: ${type}, ${name}
     -->
   <plugin-folder-pattern>/config/studio/plugins/${type}/${name}</plugin-folder-pattern>
   <repository rootPrefix="/site">
<!-- default inheritance file name -->
      <level-descriptor>crafter-level-descriptor.level.xml</level-descriptor>
      <!-- The section below classifies items into folders for two dashboard widgets:
        - Items Waiting For Approval
        - Approved Scheduled Items

        Items that match the paths specified will be grouped together in the dashboard widget
        -->
      <folders>
         <folder name="Pages" path="/website" read-direct-children="false" attach-root-prefix="true"/>
         <folder name="Components" path="/components" read-direct-children="false" attach-root-prefix="true"/>
         <folder name="Assets" path="/static-assets" read-direct-children="false" attach-root-prefix="false"/>
         <folder name="Templates" path="/templates" read-direct-children="false" attach-root-prefix="false"/>
      </folders>
      <!-- Item Patterns -->
      <patterns>
<!-- The section below helps determine the type of content based on regex. This shows up in two places:
            - The activity audit log.
            - The UI icon used for the item
            -->
         <pattern-group name="page">
            <pattern>/site/website/([^&lt;]+)\.xml</pattern>
         </pattern-group>
         <pattern-group name="component">
            <pattern>/site/components/([^&lt;]+)\.xml</pattern>
            <pattern>/site/system/page-components/([^&lt;]+)\.xml</pattern>
            <pattern>/site/component-bindings/([^&lt;]+)\.xml</pattern>
            <pattern>/site/indexes/([^&lt;]+)\.xml</pattern>
            <pattern>/site/resources/([^&lt;]+)\.xml</pattern>
         </pattern-group>
         <pattern-group name="asset">
            <pattern>/static-assets/([^&lt;"'\)]+)</pattern>
         </pattern-group>
         <pattern-group name="rendering-template">
            <pattern>/templates/([^&lt;"]+)\.ftl</pattern>
         </pattern-group>
         <pattern-group name="scripts">
            <pattern>/scripts/([^&lt;"]+)\.groovy</pattern>
         </pattern-group>
         <!-- The section below enumerates the mime-types we can preview -->
         <pattern-group name="previewable-mimetypes">
            <pattern>image/(.*)</pattern>
            <pattern>application/pdf</pattern>
            <pattern>video/(.*)</pattern>
            <pattern>application/msword</pattern>
            <pattern>application/vnd.openxmlformats-officedocument.wordprocessingml.document</pattern>
            <pattern>application/vnd.ms-excel</pattern>
            <pattern>application/vnd.openxmlformats-officedocument.spreadsheetml.sheet</pattern>
            <pattern>application/vnd.ms-powerpoint</pattern>
         </pattern-group>
      </patterns>
      <!-- The patterns below identify what is allowed to show up in the Dashboard widgets -->
      <display-in-widget-patterns>
         <display-in-widget-pattern>.*</display-in-widget-pattern>
      </display-in-widget-patterns>
   </repository>
   <contentMonitoring>
      <monitor>
         <name>Content Expiring Tomorrow</name>
         <query>expired_dt:[now+1d/d TO now+2d/d]</query>
         <paths>
            <path>
               <name>All Site</name>
               <pattern>/site/.*</pattern>
               <emailTemplate>contentExpiringSoon</emailTemplate>
               <emails>admin@example.com</emails>
               <locale>en</locale>
            </path>
         </paths>
      </monitor>
      <monitor>
         <name>Content Expiring In One Week</name>
         <query>expired_dt:[now+7d/d TO now+8d/d]</query>
         <paths>
            <path>
               <name>All Site</name>
               <pattern>/site/.*</pattern>
               <emailTemplate>contentExpiringSoon</emailTemplate>
               <emails>admin@example.com</emails>
               <locale>en</locale>
            </path>
         </paths>
      </monitor>
      <monitor>
         <name>Content Expiring In One Month</name>
         <query>expired_dt:[now+30d/d TO now+32d/d]</query>
         <paths>
            <path>
               <name>All Site</name>
               <pattern>/site/.*</pattern>
               <emailTemplate>contentExpiringSoon</emailTemplate>
               <emails>admin@example.com</emails>
               <locale>en</locale>
            </path>
         </paths>
      </monitor>
      <monitor>
         <name>Content Expiring In Two Months</name>
         <query>expired_dt:[now+60d/d TO now+62d/d]</query>
         <paths>
            <path>
               <name>All Site</name>
               <pattern>/site/.*</pattern>
               <emailTemplate>contentExpiringSoon</emailTemplate>
               <emails>admin@example.com</emails>
               <locale>en</locale>
            </path>
         </paths>
      </monitor>
   </contentMonitoring>
</site-config>