<!--
  ~ Copyright (C) 2007-2019 Crafter Software Corporation. All Rights Reserved.
  ~
  ~ This program is free software: you can redistribute it and/or modify
  ~ it under the terms of the GNU General Public License as published by
  ~ the Free Software Foundation, either version 3 of the License, or
  ~ (at your option) any later version.
  ~
  ~ This program is distributed in the hope that it will be useful,
  ~ but WITHOUT ANY WARRANTY; without even the implied warranty of
  ~ MERCHANTABILITY or FITNESS FOR A PARTICULAR PURPOSE.  See the
  ~ GNU General Public License for more details.
  ~
  ~ You should have received a copy of the GNU General Public License
  ~ along with this program.  If not, see <http://www.gnu.org/licenses/>.
  -->

<!--
    This file configures the environments Crafter Studio can publish to.

    The file structure is:

    <environment-config>
        <preview-server-url />
        <authoring-server-url />
        <live-server-url />
        <open-sidebar />
        <publishing-targets>
            <target>
                <repo-branch-name />
                <display-label />
            </target>
        </publishing-targets>
    </environment-config>

-->
<environment-config>
    <version>2</version>
    <preview-server-url>http://localhost:8080</preview-server-url>
    <preview-engine-server-url>http://localhost:8080</preview-engine-server-url>
    <graphql-server-url>http://localhost:8080</graphql-server-url>
    <authoring-server-url>http://localhost:8080/studio</authoring-server-url>
    <live-server-url>http://localhost:9080/?crafterSite={siteName}</live-server-url>
    <open-sidebar>false</open-sidebar>
    <publishing-targets>
        <target>
            <repo-branch-name>live</repo-branch-name>
            <display-label>Live</display-label>
        </target>
    </publishing-targets>
</environment-config>
